model,accuracy,weightedRecall,weightedPrecision
Logistic Regression,0.9791666666666666,0.9791666666666667,0.9807692307692308
Decision Tree,0.9791666666666666,0.9791666666666667,0.9807692307692308
Random Forest,0.9791666666666666,0.9791666666666667,0.9807692307692308
