model,accuracy,weightedRecall,weightedPrecision
Logistic Regression,1.0,1.0,1.0
Decision Tree,0.9574468085106383,0.9574468085106382,0.9574468085106382
Random Forest,0.9787234042553191,0.9787234042553191,0.9800531914893618
One vs Rest,0.9787234042553191,0.9787234042553191,0.9800531914893618
Naive Bayes,0.9574468085106383,0.9574468085106382,0.9574468085106382
